,motif,CLUMP
0,NNSV,0
1,KEDDSQLY,1
2,SYKD,1
3,GILESK,2
4,KGSSDIIY,3
5,NSTR,4
6,NKSS,4
7,NNSD,5
8,SVNE,6
9,TKR,7
10,TEQE,8
11,GLLANA,9
12,SEAD,6
13,NYSE,1
14,GNITTI,2
15,KKQT,7
16,GNNNTN,5
17,SGAE,0
18,KRNS,7
19,TRLD,6
20,GVSLTL,2
21,NFSK,1
22,TQLD,6
23,TEKD,8
24,TIFD,3
25,TFQE,1
26,TRAE,10
27,LKNEVKNLDQILKDLDSLNLKL,11
28,SVR,10
29,TYSD,1
30,NGTI,0
31,SPQE,5
32,KKNT,7
33,STAD,10
34,THR,7
35,SDSE,8
36,GGSSSS,5
37,TNR,4
38,NLTE,6
39,SALE,2
40,SPND,5
41,GNLSNS,0
42,SEKE,8
43,MLKIIKNSILFFSVSLAC,2
44,SSKE,7
45,TPTE,5
46,TAQE,10
47,SEEE,8
48,KKIWDYSY,3
49,TSND,5
50,NETQ,5
51,KKDS,7
52,SSFE,1
53,TDND,8
54,SIKE,6
55,NNTL,0
56,RKET,7
57,TEIE,6
58,TGK,4
59,SERE,8
60,NRSE,7
61,NSTK,4
62,GVIITI,9
63,GLFISG,9
64,NLTQ,0
65,TYYD,3
66,SKDE,8
67,TEFD,1
68,GLFINN,3
69,GSIIGI,9
70,GNVKSY,3
71,TAK,10
72,TQIE,6
73,TYR,1
74,GSIYNS,3
75,NYSC,3
76,NNQKVIGMNKDIASTSNNNQNINNYSIEENIINLKYKIRENAIEKINIEREIQQLSNNNP,12
77,KRKT,7
78,NVSN,0
79,SKLD,6
80,KIIDLEKY,11
81,SNID,6
82,TVAE,2
83,NITS,0
84,TDID,6
85,KKQS,7
86,NGSV,0
87,NHSN,7
88,SAVE,2
89,TTCE,10
90,SISE,6
91,NATK,10
92,TIK,10
93,TWK,1
94,SSQE,5
95,TTLD,6
96,NLSE,6
97,NIN,0
98,GLNPNL,2
99,NSTC,5
100,TEID,6
101,SNHE,7
102,NSTY,1
103,SETD,8
104,TQGD,5
105,NKSQ,4
106,GQLNTI,2
107,SNFE,1
108,TLAE,2
109,TFK,1
110,TKEE,8
111,SQQD,5
112,TTIE,6
113,TVLD,2
114,TSR,4
115,TENE,8
116,TNID,6
117,NFTI,3
118,KLISDEFY,11
119,SQED,8
120,GNLYNS,3
121,IELSKEQLKEISYLKKNIKEKEK,11
122,SEME,6
123,SMIE,2
124,ELHHYKNLKKVFNKKIDQITTELDQKKQILMKHKIYSFKKASLMIDEQQLQEFKQKNDDM,12
125,GLCLGY,9
126,NNST,5
127,SLR,10
128,STIE,6
129,GIIESI,2
130,NQTF,1
131,KKRS,7
132,SVKE,6
133,GTAITL,2
134,NDSH,7
135,TLR,10
136,RGKK,7
137,TYND,1
138,KKIT,10
139,SWR,1
140,NVTV,2
141,TNLE,6
142,NASN,0
143,SGKR,4
144,NSSR,4
145,TEPD,5
146,GIFENS,3
147,SIDD,6
148,SKRE,7
149,SGTE,5
150,NITL,2
151,TKDD,7
152,SQEE,8
153,NSSD,5
154,SEK,7
155,KKILEEQY,11
156,NLTN,0
157,EKKHFLQKRLNNIELELKKLKEDIKKNLKSNDEFFKKK,11
158,NKTF,1
159,SITE,6
160,TIKE,6
161,SSSHDSYLSTIQVNNLKDIETWNQLLSNCCRDI,11
162,NFTW,3
163,RDDADNKY,1
164,TKLE,6
165,SIR,10
166,NQTD,5
167,KKLS,10
168,SNQE,5
169,SWFD,3
170,NYSI,3
171,NHL,1
172,KYNKNKKILISFIFIFFLYLIFKNQLLLKIYNDFNKFKKEIKNNEFIKYEKQELSKKKFI,12
173,SRR,7
174,TIME,2
175,KRDT,7
176,STEE,8
177,NITV,2
178,NQSL,0
179,TLDD,6
180,KGKK,7
181,TDR,7
182,KNNEFIKY,11
183,NLSN,0
184,LKSKKKGSSSKKPDDSKK,4
185,KRET,7
186,TQKD,7
187,SPLE,2
188,TDK,7
189,LKNQLQPLYPQIEELKKQLTPL,11
190,KKET,7
191,NVSD,6
192,NISE,6
193,SLLE,2
194,SRKE,7
195,GMLFAI,9
196,TFVD,3
197,NLSL,2
198,KKIS,10
199,SHK,7
200,KTDLEQNY,1
201,NLTL,2
202,TIDD,6
203,SNEE,8
204,TFSD,1
205,RLKKDPLY,11
206,SFR,1
207,NESI,6
208,SKMD,4
209,TLQE,6
210,GTRDGK,4
211,NDTM,5
212,TDLE,6
213,GVDFNH,3
214,NQTN,5
215,NITD,6
216,TNIE,6
217,KEKEIIKY,11
218,GAIIGI,9
219,SNDE,8
220,NYTS,1
221,SINE,6
222,SQLD,6
223,SKEE,8
224,SNKD,7
225,TTSE,5
226,KYKDSIIY,3
227,TKK,7
228,MNFNKSLYLKILFVILGLLSC,2
229,NTTL,0
230,SNPE,5
231,NKSE,7
232,NTTR,4
233,NKTL,10
234,DEIDKIHNENDRRHDETDQRHDKNIIDFNKRLQTLTETDEIHDETDRRHDATDRRHDKND,12
235,SHQD,7
236,SSFD,1
237,TKTD,7
238,SRK,7
239,GALFTT,2
240,SITD,6
241,TPSE,5
242,KRST,4
243,TSDD,8
244,TTRD,7
245,TIR,10
246,NNSR,4
247,NTTE,5
248,TLEE,6
249,KPFKNKIDFLLKEKKIIEQELLELRVNINNLKTKKQKILTNSGKCFKFKNSNEVKIFHLI,12
250,SDLE,6
251,NFSL,3
252,TPEE,5
253,SSSE,5
254,TQPE,5
255,SKK,7
256,SLK,10
257,SIVE,2
258,SIK,10
259,SLEE,6
260,NKTH,7
261,SRFD,1
262,TEVD,6
263,NFSF,3
264,SPTE,5
265,NVTF,3
266,SIED,6
267,TYDE,1
268,SER,7
269,GMFLAV,9
270,SLQE,6
271,TQLE,6
272,NESK,7
273,NLSK,10
274,NITA,2
275,KIYEPKKY,11
276,TVAD,2
277,SDR,7
278,TFVE,3
279,SRIE,6
280,TLIE,2
281,SKID,6
282,GMLSNV,2
283,TYQD,1
284,NISY,3
285,NRSY,1
286,NNTN,5
287,TFQD,1
288,TITD,6
289,GVFINK,3
290,SWK,1
291,GTSENQ,5
292,SQCD,5
293,TNNE,5
294,NLSQ,0
295,TLED,6
296,NQTL,0
297,SFSE,1
298,NHSK,7
299,KKKT,7
300,NITT,0
301,SYLD,3
302,NSTQ,5
303,GLFINK,3
304,SKFE,1
305,KAYDEGLY,3
306,SLKD,6
307,TILE,2
308,RGD,4
309,GLKIAA,9
310,GIKINL,2
311,NSTL,0
312,KIYIKYQNKIKKIDKELNLYQKDYLILHKELRHYKNLEKSFHNKIVRIAKELDWKKQILI,12
313,GTKLSY,3
314,STSE,5
315,NETE,8
316,KKIIQAKKEQIQNSKIKIIDLEKYKNIYYKILYDLSKCQK,11
317,GLQGSI,2
318,SFSD,1
319,TADD,10
320,SKLE,6
321,NSSQ,5
322,SQK,4
323,TFR,1
324,NDSS,5
325,KNDKGKKIASSQKKEKTTKKDISQYYELYNTLENYSEENRNKIIKMLSDPKTLKTLQEKA,12
326,SQID,6
327,GTNYGG,0
328,SKED,8
329,TQEE,8
330,GMLWSN,3
331,NFSI,3
332,SIQD,6
333,GILIGV,9
334,NNSS,5
335,NGSE,5
336,NQTE,5
337,KKILEEQYEIDKKKYK,11
338,TNTE,5
339,NNFQTLKNKIDTILNDTNNSSKNNNNEDNFEFSSNNN,11
340,NTSN,5
341,GLMNSL,2
342,SRID,6
343,NRTD,7
344,NRTL,10
345,SVSD,6
346,SSHD,7
347,KRTS,4
348,NETF,1
349,SSEE,8
350,SWAE,3
351,SDKE,8
352,TQND,5
353,NATR,10
354,GMLWTN,3
355,KFKEIYDY,3
356,SDTD,8
357,NSSK,4
358,TSEE,8
359,GNGASN,0
360,TEYE,1
361,NKSL,10
362,GILLAL,9
363,KKFT,1
364,KKYS,1
365,NKSA,10
366,SPR,4
367,TNK,4
368,TPDE,5
369,NKSD,7
370,SDPE,5
371,TTSD,5
372,GNIATF,2
373,GLYQTN,3
374,KKPT,4
375,NGTR,4
376,NSTS,5
377,TKID,6
378,SLIE,2
379,SLTE,6
380,TLFD,3
381,TSK,4
382,SKKE,7
383,TKTE,7
384,LIKNHQELVKIIKNLNQKYINL,11
385,NESD,8
386,SVQE,6
387,TMNE,5
388,TTDD,8
389,SIEE,6
390,TAR,10
391,SFK,1
392,TTEE,8
393,TIID,2
394,NETK,7
395,TWKD,1
396,TGRE,4
397,TRK,7
398,STR,4
399,NLTI,2
400,SYID,3
401,SLYE,3
402,GIFFSS,3
403,SPK,4
404,KKGS,4
405,TQKE,7
406,TNLD,6
407,NITN,0
408,GSQKAM,0
409,SAFE,3
410,GAHNAD,0
411,GLDSSR,6
412,NKTR,7
413,TITE,6
414,TLK,10
415,TQSE,5
416,TER,7
417,KEIDNYFY,3
418,NKTN,4
419,SPNE,5
420,SFRE,1
421,NNTK,4
422,SNND,5
423,SIRE,6
424,TERE,8
425,NQTC,5
426,KTLTEDKY,1
427,GGGKAW,0
428,GNGASD,0
429,NATI,2
430,RKQT,7
431,SYK,1
432,TSAE,10
433,SNTE,5
434,SIPD,2
435,SSAD,10
436,KIIERNQY,11
437,GIKQGF,3
438,NHTT,7
439,SQIE,6
440,TIND,6
441,NFTH,1
442,TEME,6
443,GSHHNI,1
444,TTPD,5
445,GQEIAI,2
446,NSSL,0
447,SNR,4
448,TQK,7
449,GSSSSQ,5
450,NTTT,5
451,TETD,8
452,NTSE,5
453,TKFD,1
454,SEIE,6
455,TPLE,2
456,NLSG,0
457,TRDD,7
458,TIEE,6
459,SNNE,5
460,TKNE,7
461,SHND,7
462,TEKE,8
463,SNAE,6
464,NSSF,1
465,GQPKSE,4
466,NHTR,7
467,SNKE,7
468,SGDE,5
469,TSFD,1
470,SNSD,5
471,NLTD,6
472,KMLETKIY,11
473,SKR,7
474,TYKE,1
475,NFSY,3
476,TALE,2
477,TNGE,5
478,STK,4
479,TEQD,8
480,GTSKNQ,4
481,TDVE,6
482,GLTVTS,2
483,TKIE,6
484,GLLSCF,9
485,GQVYSE,3
486,TTR,4
487,NESQ,5
488,SEHE,8
489,TTK,4
490,TLKD,6
491,NINNVNNNNIDFQEISNSNFANNMGFNLQLLDSNFIENIDLEMQSSIQGFNTLAENNHKT,12
492,TIPE,2
493,RKFKKKIQNLFKKNKK,1
494,NITE,6
495,NNNQQVMGMDKDIASTSNNNPNITNYSIEENIINLKYKIRENAVKKINIENEIQQLSNNE,12
496,GIEDAD,2
497,LNIFIYKNKMLKLKIRKFKKKIQNLFKKNKKLNYILNLKDEIIKKLDKNFKFFQINANKF,12
498,SSR,4
499,SIND,6
500,SNK,4
501,NKSK,7
502,NLTY,3
503,NQTQ,5
504,SAK,10
505,SILE,2
506,NYSK,1
507,SIDE,6
508,NKTE,7
509,NITY,3
510,NDSG,5
511,NTTQ,5
512,THND,7
513,NNSI,0
514,SQHD,7
515,RSEIETLY,11
516,TMQE,5
517,KRFS,1
518,NATM,0
519,TPK,4
520,STNE,5
521,TVK,10
522,TSNE,5
523,NITI,2
524,QKHDETDQRHDEIDKIHNENDRRHDETDRRHDKNDQKHDETD,12
525,NISK,10
526,RRLT,10
527,TFND,1
528,KLKADIEY,11
529,NITQ,0
530,NSSG,5
531,KKFS,1
532,TYEE,1
533,SQPE,5
534,TDTD,8
535,NKSN,4
536,TELD,6
537,SEED,8
538,NISS,0
539,NKSF,1
540,TKI,10
541,TLND,6
542,TGR,4
543,STKE,7
544,THK,7
545,NLST,0
546,TLTE,6
547,SLYD,3
548,GLLLCL,9
549,KRILEERY,11
550,NLTK,10
551,SKPE,4
552,NNSN,5
553,NNSA,0
554,DQKHDETDQRHDKNIIDFNKRLQTLTETDEIHDETDRRHDATDRRHDKNDQKHDETDQRH,12
555,TEK,7
556,GQNRTL,0
557,TYK,1
558,NNSL,0
559,NKSV,10
560,NDTV,6
561,GINQGF,3
562,NNSY,1
563,NSTV,0
564,SEID,6
565,TKFE,1
566,KKDDSQLY,1
567,NDTN,5
568,SAKD,10
569,SAR,10
570,SDND,8
571,KKSS,4
572,TIQE,6
573,KKTT,4
574,GTEQNL,0
575,SLKE,6
576,KQKQDVIY,11
577,RKNT,7
578,TIRE,6
579,KKES,7
580,RKNNLLVLKQNLENLIHN,11
581,TLPE,2
582,PRKNTLLTLKKNLENLINN,11
583,KDLIDISY,11
584,ENKIYSFKKSSLMIEEQQLQELKQKNDDMKKIIQAKKDQIKQTKIKTIELAKSK,12
585,SELE,6
586,KTIFDFNY,3
587,STRD,7
588,SGK,4
589,NQST,5
590,NQVINTDNNSNTNTNNSDNDNFKLSSDNN,11
591,TNND,5
592,SLSE,6
593,RIKDEAIY,11
594,SAEE,6
595,NSTD,5
596,TLYD,3
597,SIIE,2
598,TNQD,5
599,TYLE,3
600,SSK,4
601,KIAIENIY,2
602,NLTH,1
603,NSSI,0
604,SDK,7
605,NISF,3
606,SKNE,7
607,KTLQKQPKSESKKEDNLKILNKYHNLLNFIKKIYLKYQNEIKKINNKLNLHQKDYLILNK,12
608,KKAT,10
609,NSTI,0
610,TKAD,10
611,TLKE,6
612,SFQE,1
613,NNTF,1
614,RKQS,7
615,KKVT,10
616,RDDEDDKY,8
617,TAFE,3
618,SVK,10
619,NLTS,0
620,KKAS,10
621,NQSY,1
622,TSRE,7
623,TESE,8
624,TRR,7
625,SYQD,1
626,TKKD,7
627,TKND,7
628,SQTD,5
629,SEQE,8
